{"cameraMode":{"drawMode":0,"name":"Shaded","section":"Shading Mode"},"sceneLighting":true,"audioPlay":false,"sceneViewState":{"m_AlwaysRefresh":false,"showFog":true,"showSkybox":true,"showFlares":true,"showImageEffects":true,"showParticleSystems":true,"showVisualEffectGraphs":true,"m_FxEnabled":true},"in2DMode":false,"pivot":{"x":421.99114990234377,"y":216.2198944091797,"z":29.591140747070314},"rotation":{"x":-9.626534591689051e-8,"y":-0.032995399087667468,"z":0.0000022511364932142898,"w":0.9994639158248901},"size":269.9853820800781,"orthographic":true}