{"cameraMode":{"drawMode":0,"name":"Shaded","section":"Shading Mode"},"sceneLighting":true,"audioPlay":false,"sceneViewState":{"m_AlwaysRefresh":false,"showFog":true,"showSkybox":true,"showFlares":true,"showImageEffects":true,"showParticleSystems":true,"showVisualEffectGraphs":true,"m_FxEnabled":true},"in2DMode":false,"pivot":{"x":-0.7176347970962524,"y":-0.41947686672210696,"z":0.530337393283844},"rotation":{"x":0.13292431831359864,"y":0.08463013172149658,"z":-0.011390144936740399,"w":0.9874458909034729},"size":6.314553737640381,"orthographic":false}