{"cameraMode":{"drawMode":0,"name":"Shaded","section":"Shading Mode"},"sceneLighting":true,"audioPlay":false,"sceneViewState":{"m_AlwaysRefresh":false,"showFog":true,"showSkybox":true,"showFlares":true,"showImageEffects":true,"showParticleSystems":true,"showVisualEffectGraphs":true,"m_FxEnabled":true},"in2DMode":false,"pivot":{"x":3.3398756980895998,"y":12.839497566223145,"z":11.102664947509766},"rotation":{"x":0.029963424429297448,"y":0.0464620366692543,"z":-0.001393129932694137,"w":0.9984729290008545},"size":42.32768630981445,"orthographic":false}