{"cameraMode":{"drawMode":0,"name":"Shaded","section":"Shading Mode"},"sceneLighting":true,"audioPlay":false,"sceneViewState":{"m_AlwaysRefresh":false,"showFog":true,"showSkybox":true,"showFlares":true,"showImageEffects":true,"showParticleSystems":true,"showVisualEffectGraphs":true,"m_FxEnabled":true},"in2DMode":false,"pivot":{"x":-11.870226860046387,"y":1.4896069765090943,"z":-4.835058212280273},"rotation":{"x":0.08535391837358475,"y":0.03137945756316185,"z":-0.002688986249268055,"w":0.9958552718162537},"size":1.8106383085250855,"orthographic":false}