{"cameraMode":{"drawMode":0,"name":"Shaded","section":"Shading Mode"},"sceneLighting":false,"audioPlay":false,"sceneViewState":{"m_AlwaysRefresh":false,"showFog":true,"showSkybox":false,"showFlares":true,"showImageEffects":true,"showParticleSystems":true,"showVisualEffectGraphs":true,"m_FxEnabled":true},"in2DMode":false,"pivot":{"x":-0.5081973671913147,"y":-0.2832936644554138,"z":0.17685627937316895},"rotation":{"x":0.03637532517313957,"y":-0.6218850016593933,"z":0.02894064038991928,"w":0.7817376852035523},"size":1.5105175971984864,"orthographic":true}