{"cameraMode":{"drawMode":0,"name":"Shaded","section":"Shading Mode"},"sceneLighting":false,"audioPlay":false,"sceneViewState":{"m_AlwaysRefresh":false,"showFog":true,"showSkybox":false,"showFlares":true,"showImageEffects":true,"showParticleSystems":true,"showVisualEffectGraphs":true,"m_FxEnabled":true},"in2DMode":false,"pivot":{"x":-3.131340742111206,"y":-0.03155899792909622,"z":-0.010035032406449318},"rotation":{"x":0.12003373354673386,"y":-0.15422086417675019,"z":0.01888033002614975,"w":0.9805427193641663},"size":0.22791071236133576,"orthographic":false}