{"cameraMode":{"drawMode":0,"name":"Shaded","section":"Shading Mode"},"sceneLighting":false,"audioPlay":false,"sceneViewState":{"m_AlwaysRefresh":false,"showFog":true,"showSkybox":false,"showFlares":true,"showImageEffects":true,"showParticleSystems":true,"showVisualEffectGraphs":true,"m_FxEnabled":true},"in2DMode":false,"pivot":{"x":-3.1168277263641359,"y":0.031293317675590518,"z":0.035671185702085498},"rotation":{"x":0.012260863557457924,"y":-0.08838146924972534,"z":0.0010902482317760587,"w":0.9960187077522278},"size":0.22242219746112824,"orthographic":false}